brand,platform,scope,metric,value,source
MEDCMU,facebook,earned,engagement,60925.0,summary+messages+daily_trend
MEDCMU,facebook,earned,posts_raw,503.0,summary+messages+daily_trend
MEDCMU,facebook,earned,views,28394.0,summary+messages+daily_trend
MEDCMU,facebook,earned,comment,2598.0,summary+messages+daily_trend
MEDCMU,facebook,earned,share,4709.0,summary+messages+daily_trend
MEDCMU,facebook,earned,avg_eng_raw,121.12,summary+messages+daily_trend
MEDCMU,facebook,earned,msg_rows,503.0,summary+messages+daily_trend
MEDCMU,facebook,earned,msg_eng_sum,60925.0,summary+messages+daily_trend
MEDCMU,facebook,earned,posts_text,503.0,summary+messages+daily_trend
MEDCMU,facebook,earned,blank_rows,0.0,summary+messages+daily_trend
MEDCMU,facebook,earned,blank_eng,0.0,summary+messages+daily_trend
MEDCMU,facebook,earned,mean_eng_text,121.12,summary+messages+daily_trend
MEDCMU,facebook,earned,median_eng_text,17.0,summary+messages+daily_trend
MEDCMU,facebook,earned,top1_share,7.8,summary+messages+daily_trend
MEDCMU,facebook,earned,top3_share,20.9,summary+messages+daily_trend
MEDCMU,instagram,earned,engagement,18137.0,summary+messages+daily_trend
MEDCMU,instagram,earned,posts_raw,85.0,summary+messages+daily_trend
MEDCMU,instagram,earned,views,0.0,summary+messages+daily_trend
MEDCMU,instagram,earned,comment,62.0,summary+messages+daily_trend
MEDCMU,instagram,earned,share,0.0,summary+messages+daily_trend
MEDCMU,instagram,earned,avg_eng_raw,213.38,summary+messages+daily_trend
MEDCMU,instagram,earned,msg_rows,85.0,summary+messages+daily_trend
MEDCMU,instagram,earned,msg_eng_sum,18137.0,summary+messages+daily_trend
MEDCMU,instagram,earned,posts_text,85.0,summary+messages+daily_trend
MEDCMU,instagram,earned,blank_rows,0.0,summary+messages+daily_trend
MEDCMU,instagram,earned,blank_eng,0.0,summary+messages+daily_trend
MEDCMU,instagram,earned,mean_eng_text,213.38,summary+messages+daily_trend
MEDCMU,instagram,earned,median_eng_text,10.0,summary+messages+daily_trend
MEDCMU,instagram,earned,top1_share,48.3,summary+messages+daily_trend
MEDCMU,instagram,earned,top3_share,71.5,summary+messages+daily_trend
MEDCMU,tiktok,earned,engagement,19104.0,summary+messages+daily_trend
MEDCMU,tiktok,earned,posts_raw,7.0,summary+messages+daily_trend
MEDCMU,tiktok,earned,views,261526.0,summary+messages+daily_trend
MEDCMU,tiktok,earned,comment,208.0,summary+messages+daily_trend
MEDCMU,tiktok,earned,share,3920.0,summary+messages+daily_trend
MEDCMU,tiktok,earned,avg_eng_raw,2729.14,summary+messages+daily_trend
MEDCMU,tiktok,earned,msg_rows,7.0,summary+messages+daily_trend
MEDCMU,tiktok,earned,msg_eng_sum,19104.0,summary+messages+daily_trend
MEDCMU,tiktok,earned,posts_text,7.0,summary+messages+daily_trend
MEDCMU,tiktok,earned,blank_rows,0.0,summary+messages+daily_trend
MEDCMU,tiktok,earned,blank_eng,0.0,summary+messages+daily_trend
MEDCMU,tiktok,earned,mean_eng_text,2729.14,summary+messages+daily_trend
MEDCMU,tiktok,earned,median_eng_text,36.0,summary+messages+daily_trend
MEDCMU,tiktok,earned,top1_share,78.7,summary+messages+daily_trend
MEDCMU,tiktok,earned,top3_share,99.6,summary+messages+daily_trend
MEDCMU,twitter,earned,engagement,609.0,summary+messages+daily_trend
MEDCMU,twitter,earned,posts_raw,21.0,summary+messages+daily_trend
MEDCMU,twitter,earned,views,0.0,summary+messages+daily_trend
MEDCMU,twitter,earned,comment,0.0,summary+messages+daily_trend
MEDCMU,twitter,earned,share,0.0,summary+messages+daily_trend
MEDCMU,twitter,earned,avg_eng_raw,29.0,summary+messages+daily_trend
MEDCMU,twitter,earned,msg_rows,21.0,summary+messages+daily_trend
MEDCMU,twitter,earned,msg_eng_sum,609.0,summary+messages+daily_trend
MEDCMU,twitter,earned,posts_text,21.0,summary+messages+daily_trend
MEDCMU,twitter,earned,blank_rows,0.0,summary+messages+daily_trend
MEDCMU,twitter,earned,blank_eng,0.0,summary+messages+daily_trend
MEDCMU,twitter,earned,mean_eng_text,29.0,summary+messages+daily_trend
MEDCMU,twitter,earned,median_eng_text,13.0,summary+messages+daily_trend
MEDCMU,twitter,earned,top1_share,38.3,summary+messages+daily_trend
MEDCMU,twitter,earned,top3_share,60.3,summary+messages+daily_trend
MEDCMU,youtube,earned,engagement,365.0,summary+messages+daily_trend
MEDCMU,youtube,earned,posts_raw,2.0,summary+messages+daily_trend
MEDCMU,youtube,earned,views,26639.0,summary+messages+daily_trend
MEDCMU,youtube,earned,comment,32.0,summary+messages+daily_trend
MEDCMU,youtube,earned,avg_eng_raw,182.5,summary+messages+daily_trend
MEDCMU,youtube,earned,msg_rows,2.0,summary+messages+daily_trend
MEDCMU,youtube,earned,msg_eng_sum,365.0,summary+messages+daily_trend
MEDCMU,youtube,earned,posts_text,2.0,summary+messages+daily_trend
MEDCMU,youtube,earned,blank_rows,0.0,summary+messages+daily_trend
MEDCMU,youtube,earned,blank_eng,0.0,summary+messages+daily_trend
MEDCMU,youtube,earned,mean_eng_text,182.5,summary+messages+daily_trend
MEDCMU,youtube,earned,median_eng_text,182.5,summary+messages+daily_trend
MEDCMU,youtube,earned,top1_share,100.0,summary+messages+daily_trend
MEDCMU,youtube,earned,top3_share,100.0,summary+messages+daily_trend
MEDCMU,facebook,owned,engagement,330905.0,summary+messages+daily_trend
MEDCMU,facebook,owned,posts_raw,4181.0,summary+messages+daily_trend
MEDCMU,facebook,owned,views,5878361.0,summary+messages+daily_trend
MEDCMU,facebook,owned,follower,225631.0,summary+messages+daily_trend
MEDCMU,facebook,owned,comment,12905.0,summary+messages+daily_trend
MEDCMU,facebook,owned,share,23281.0,summary+messages+daily_trend
MEDCMU,facebook,owned,avg_eng_raw,79.14,summary+messages+daily_trend
MEDCMU,facebook,owned,msg_rows,4193.0,summary+messages+daily_trend
MEDCMU,facebook,owned,msg_eng_sum,330905.0,summary+messages+daily_trend
MEDCMU,facebook,owned,posts_text,536.0,summary+messages+daily_trend
MEDCMU,facebook,owned,blank_rows,3657.0,summary+messages+daily_trend
MEDCMU,facebook,owned,blank_eng,10700.0,summary+messages+daily_trend
MEDCMU,facebook,owned,mean_eng_text,597.4,summary+messages+daily_trend
MEDCMU,facebook,owned,median_eng_text,142.0,summary+messages+daily_trend
MEDCMU,facebook,owned,top1_share,19.7,summary+messages+daily_trend
MEDCMU,facebook,owned,top3_share,28.9,summary+messages+daily_trend
MEDCMU,facebook,owned,er_follower_pct,0.265,summary+messages+daily_trend
MEDCMU,facebook,owned,follower_start,200212.0,summary+messages+daily_trend
MEDCMU,facebook,owned,follower_end,225631.0,summary+messages+daily_trend
MEDCMU,facebook,owned,follower_delta,25419.0,summary+messages+daily_trend
MEDCMU,facebook,owned,follower_pct,12.7,summary+messages+daily_trend
MEDCMU,instagram,owned,engagement,55898.0,summary+messages+daily_trend
MEDCMU,instagram,owned,posts_raw,105.0,summary+messages+daily_trend
MEDCMU,instagram,owned,views,891264.0,summary+messages+daily_trend
MEDCMU,instagram,owned,follower,21543.0,summary+messages+daily_trend
MEDCMU,instagram,owned,comment,250.0,summary+messages+daily_trend
MEDCMU,instagram,owned,share,0.0,summary+messages+daily_trend
MEDCMU,instagram,owned,avg_eng_raw,532.36,summary+messages+daily_trend
MEDCMU,instagram,owned,msg_rows,105.0,summary+messages+daily_trend
MEDCMU,instagram,owned,msg_eng_sum,55898.0,summary+messages+daily_trend
MEDCMU,instagram,owned,posts_text,105.0,summary+messages+daily_trend
MEDCMU,instagram,owned,blank_rows,0.0,summary+messages+daily_trend
MEDCMU,instagram,owned,blank_eng,0.0,summary+messages+daily_trend
MEDCMU,instagram,owned,mean_eng_text,532.36,summary+messages+daily_trend
MEDCMU,instagram,owned,median_eng_text,289.0,summary+messages+daily_trend
MEDCMU,instagram,owned,top1_share,9.3,summary+messages+daily_trend
MEDCMU,instagram,owned,top3_share,20.8,summary+messages+daily_trend
MEDCMU,instagram,owned,er_follower_pct,2.471,summary+messages+daily_trend
MEDCMU,instagram,owned,follower_start,18793.0,summary+messages+daily_trend
MEDCMU,instagram,owned,follower_end,21543.0,summary+messages+daily_trend
MEDCMU,instagram,owned,follower_delta,2750.0,summary+messages+daily_trend
MEDCMU,instagram,owned,follower_pct,14.63,summary+messages+daily_trend
MEDCMU,tiktok,owned,engagement,197610.0,summary+messages+daily_trend
MEDCMU,tiktok,owned,posts_raw,67.0,summary+messages+daily_trend
MEDCMU,tiktok,owned,views,3388384.0,summary+messages+daily_trend
MEDCMU,tiktok,owned,follower,93904.0,summary+messages+daily_trend
MEDCMU,tiktok,owned,comment,2801.0,summary+messages+daily_trend
MEDCMU,tiktok,owned,share,22426.0,summary+messages+daily_trend
MEDCMU,tiktok,owned,avg_eng_raw,2949.4,summary+messages+daily_trend
MEDCMU,tiktok,owned,msg_rows,67.0,summary+messages+daily_trend
MEDCMU,tiktok,owned,msg_eng_sum,197610.0,summary+messages+daily_trend
MEDCMU,tiktok,owned,posts_text,67.0,summary+messages+daily_trend
MEDCMU,tiktok,owned,blank_rows,0.0,summary+messages+daily_trend
MEDCMU,tiktok,owned,blank_eng,0.0,summary+messages+daily_trend
MEDCMU,tiktok,owned,mean_eng_text,2949.4,summary+messages+daily_trend
MEDCMU,tiktok,owned,median_eng_text,398.0,summary+messages+daily_trend
MEDCMU,tiktok,owned,top1_share,28.0,summary+messages+daily_trend
MEDCMU,tiktok,owned,top3_share,57.3,summary+messages+daily_trend
MEDCMU,tiktok,owned,er_follower_pct,3.141,summary+messages+daily_trend
MEDCMU,tiktok,owned,follower_start,82398.0,summary+messages+daily_trend
MEDCMU,tiktok,owned,follower_end,93904.0,summary+messages+daily_trend
MEDCMU,tiktok,owned,follower_delta,11506.0,summary+messages+daily_trend
MEDCMU,tiktok,owned,follower_pct,13.96,summary+messages+daily_trend
MEDCMU,twitter,owned,engagement,91847.0,summary+messages+daily_trend
MEDCMU,twitter,owned,posts_raw,111.0,summary+messages+daily_trend
MEDCMU,twitter,owned,views,0.0,summary+messages+daily_trend
MEDCMU,twitter,owned,follower,2757.0,summary+messages+daily_trend
MEDCMU,twitter,owned,comment,0.0,summary+messages+daily_trend
MEDCMU,twitter,owned,share,0.0,summary+messages+daily_trend
MEDCMU,twitter,owned,avg_eng_raw,827.45,summary+messages+daily_trend
MEDCMU,twitter,owned,msg_rows,111.0,summary+messages+daily_trend
MEDCMU,twitter,owned,msg_eng_sum,91847.0,summary+messages+daily_trend
MEDCMU,twitter,owned,posts_text,111.0,summary+messages+daily_trend
MEDCMU,twitter,owned,blank_rows,0.0,summary+messages+daily_trend
MEDCMU,twitter,owned,blank_eng,0.0,summary+messages+daily_trend
MEDCMU,twitter,owned,mean_eng_text,827.45,summary+messages+daily_trend
MEDCMU,twitter,owned,median_eng_text,7.0,summary+messages+daily_trend
MEDCMU,twitter,owned,top1_share,16.3,summary+messages+daily_trend
MEDCMU,twitter,owned,top3_share,43.8,summary+messages+daily_trend
MEDCMU,twitter,owned,er_follower_pct,30.013,summary+messages+daily_trend
MEDCMU,twitter,owned,follower_start,2485.0,summary+messages+daily_trend
MEDCMU,twitter,owned,follower_end,2756.0,summary+messages+daily_trend
MEDCMU,twitter,owned,follower_delta,271.0,summary+messages+daily_trend
MEDCMU,twitter,owned,follower_pct,10.91,summary+messages+daily_trend
MEDCMU,youtube,owned,engagement,26644.0,summary+messages+daily_trend
MEDCMU,youtube,owned,posts_raw,81.0,summary+messages+daily_trend
MEDCMU,youtube,owned,views,1257778.0,summary+messages+daily_trend
MEDCMU,youtube,owned,follower,48300.0,summary+messages+daily_trend
MEDCMU,youtube,owned,comment,658.0,summary+messages+daily_trend
MEDCMU,youtube,owned,share,0.0,summary+messages+daily_trend
MEDCMU,youtube,owned,avg_eng_raw,328.94,summary+messages+daily_trend
MEDCMU,youtube,owned,msg_rows,81.0,summary+messages+daily_trend
MEDCMU,youtube,owned,msg_eng_sum,26644.0,summary+messages+daily_trend
MEDCMU,youtube,owned,posts_text,81.0,summary+messages+daily_trend
MEDCMU,youtube,owned,blank_rows,0.0,summary+messages+daily_trend
MEDCMU,youtube,owned,blank_eng,0.0,summary+messages+daily_trend
MEDCMU,youtube,owned,mean_eng_text,328.94,summary+messages+daily_trend
MEDCMU,youtube,owned,median_eng_text,17.0,summary+messages+daily_trend
MEDCMU,youtube,owned,top1_share,54.7,summary+messages+daily_trend
MEDCMU,youtube,owned,top3_share,79.2,summary+messages+daily_trend
MEDCMU,youtube,owned,er_follower_pct,0.681,summary+messages+daily_trend
MEDCMU,youtube,owned,follower_start,40800.0,summary+messages+daily_trend
MEDCMU,youtube,owned,follower_end,48300.0,summary+messages+daily_trend
MEDCMU,youtube,owned,follower_delta,7500.0,summary+messages+daily_trend
MEDCMU,youtube,owned,follower_pct,18.38,summary+messages+daily_trend
SI,facebook,earned,engagement,2013403.0,summary+messages+daily_trend
SI,facebook,earned,posts_raw,4874.0,summary+messages+daily_trend
SI,facebook,earned,views,21013791.0,summary+messages+daily_trend
SI,facebook,earned,comment,65781.0,summary+messages+daily_trend
SI,facebook,earned,share,161378.0,summary+messages+daily_trend
SI,facebook,earned,avg_eng_raw,413.09,summary+messages+daily_trend
SI,facebook,earned,msg_rows,4865.0,summary+messages+daily_trend
SI,facebook,earned,msg_eng_sum,2013408.0,summary+messages+daily_trend
SI,facebook,earned,posts_text,4865.0,summary+messages+daily_trend
SI,facebook,earned,blank_rows,0.0,summary+messages+daily_trend
SI,facebook,earned,blank_eng,0.0,summary+messages+daily_trend
SI,facebook,earned,mean_eng_text,413.86,summary+messages+daily_trend
SI,facebook,earned,median_eng_text,9.0,summary+messages+daily_trend
SI,facebook,earned,top1_share,4.5,summary+messages+daily_trend
SI,facebook,earned,top3_share,11.5,summary+messages+daily_trend
SI,instagram,earned,engagement,352241.0,summary+messages+daily_trend
SI,instagram,earned,posts_raw,998.0,summary+messages+daily_trend
SI,instagram,earned,views,1645115.0,summary+messages+daily_trend
SI,instagram,earned,comment,2542.0,summary+messages+daily_trend
SI,instagram,earned,share,0.0,summary+messages+daily_trend
SI,instagram,earned,avg_eng_raw,352.95,summary+messages+daily_trend
SI,instagram,earned,msg_rows,998.0,summary+messages+daily_trend
SI,instagram,earned,msg_eng_sum,352241.0,summary+messages+daily_trend
SI,instagram,earned,posts_text,998.0,summary+messages+daily_trend
SI,instagram,earned,blank_rows,0.0,summary+messages+daily_trend
SI,instagram,earned,blank_eng,0.0,summary+messages+daily_trend
SI,instagram,earned,mean_eng_text,352.95,summary+messages+daily_trend
SI,instagram,earned,median_eng_text,16.0,summary+messages+daily_trend
SI,instagram,earned,top1_share,18.0,summary+messages+daily_trend
SI,instagram,earned,top3_share,27.9,summary+messages+daily_trend
SI,tiktok,earned,engagement,192729.0,summary+messages+daily_trend
SI,tiktok,earned,posts_raw,192.0,summary+messages+daily_trend
SI,tiktok,earned,views,3754100.0,summary+messages+daily_trend
SI,tiktok,earned,comment,1657.0,summary+messages+daily_trend
SI,tiktok,earned,share,30386.0,summary+messages+daily_trend
SI,tiktok,earned,avg_eng_raw,1003.8,summary+messages+daily_trend
SI,tiktok,earned,msg_rows,192.0,summary+messages+daily_trend
SI,tiktok,earned,msg_eng_sum,192729.0,summary+messages+daily_trend
SI,tiktok,earned,posts_text,192.0,summary+messages+daily_trend
SI,tiktok,earned,blank_rows,0.0,summary+messages+daily_trend
SI,tiktok,earned,blank_eng,0.0,summary+messages+daily_trend
SI,tiktok,earned,mean_eng_text,1003.8,summary+messages+daily_trend
SI,tiktok,earned,median_eng_text,67.5,summary+messages+daily_trend
SI,tiktok,earned,top1_share,18.1,summary+messages+daily_trend
SI,tiktok,earned,top3_share,36.8,summary+messages+daily_trend
SI,twitter,earned,engagement,102769.0,summary+messages+daily_trend
SI,twitter,earned,posts_raw,393.0,summary+messages+daily_trend
SI,twitter,earned,views,0.0,summary+messages+daily_trend
SI,twitter,earned,comment,0.0,summary+messages+daily_trend
SI,twitter,earned,share,0.0,summary+messages+daily_trend
SI,twitter,earned,avg_eng_raw,261.5,summary+messages+daily_trend
SI,twitter,earned,msg_rows,393.0,summary+messages+daily_trend
SI,twitter,earned,msg_eng_sum,102769.0,summary+messages+daily_trend
SI,twitter,earned,posts_text,393.0,summary+messages+daily_trend
SI,twitter,earned,blank_rows,0.0,summary+messages+daily_trend
SI,twitter,earned,blank_eng,0.0,summary+messages+daily_trend
SI,twitter,earned,mean_eng_text,261.5,summary+messages+daily_trend
SI,twitter,earned,median_eng_text,5.0,summary+messages+daily_trend
SI,twitter,earned,top1_share,21.9,summary+messages+daily_trend
SI,twitter,earned,top3_share,41.7,summary+messages+daily_trend
SI,youtube,earned,engagement,35980.0,summary+messages+daily_trend
SI,youtube,earned,posts_raw,163.0,summary+messages+daily_trend
SI,youtube,earned,views,2453396.0,summary+messages+daily_trend
SI,youtube,earned,comment,2968.0,summary+messages+daily_trend
SI,youtube,earned,avg_eng_raw,220.74,summary+messages+daily_trend
SI,youtube,earned,msg_rows,163.0,summary+messages+daily_trend
SI,youtube,earned,msg_eng_sum,35980.0,summary+messages+daily_trend
SI,youtube,earned,posts_text,163.0,summary+messages+daily_trend
SI,youtube,earned,blank_rows,0.0,summary+messages+daily_trend
SI,youtube,earned,blank_eng,0.0,summary+messages+daily_trend
SI,youtube,earned,mean_eng_text,220.74,summary+messages+daily_trend
SI,youtube,earned,median_eng_text,18.0,summary+messages+daily_trend
SI,youtube,earned,top1_share,14.0,summary+messages+daily_trend
SI,youtube,earned,top3_share,40.4,summary+messages+daily_trend
SI,facebook,owned,engagement,78580.0,summary+messages+daily_trend
SI,facebook,owned,posts_raw,807.0,summary+messages+daily_trend
SI,facebook,owned,views,3090264.0,summary+messages+daily_trend
SI,facebook,owned,follower,270158.0,summary+messages+daily_trend
SI,facebook,owned,comment,1970.0,summary+messages+daily_trend
SI,facebook,owned,share,6456.0,summary+messages+daily_trend
SI,facebook,owned,avg_eng_raw,97.37,summary+messages+daily_trend
SI,facebook,owned,msg_rows,807.0,summary+messages+daily_trend
SI,facebook,owned,msg_eng_sum,78580.0,summary+messages+daily_trend
SI,facebook,owned,posts_text,306.0,summary+messages+daily_trend
SI,facebook,owned,blank_rows,501.0,summary+messages+daily_trend
SI,facebook,owned,blank_eng,3316.0,summary+messages+daily_trend
SI,facebook,owned,mean_eng_text,245.96,summary+messages+daily_trend
SI,facebook,owned,median_eng_text,36.0,summary+messages+daily_trend
SI,facebook,owned,top1_share,17.0,summary+messages+daily_trend
SI,facebook,owned,top3_share,43.0,summary+messages+daily_trend
SI,facebook,owned,er_follower_pct,0.091,summary+messages+daily_trend
SI,facebook,owned,follower_start,267781.0,summary+messages+daily_trend
SI,facebook,owned,follower_end,270158.0,summary+messages+daily_trend
SI,facebook,owned,follower_delta,2377.0,summary+messages+daily_trend
SI,facebook,owned,follower_pct,0.89,summary+messages+daily_trend
SI,instagram,owned,engagement,13947.0,summary+messages+daily_trend
SI,instagram,owned,posts_raw,101.0,summary+messages+daily_trend
SI,instagram,owned,views,236568.0,summary+messages+daily_trend
SI,instagram,owned,follower,14123.0,summary+messages+daily_trend
SI,instagram,owned,comment,23.0,summary+messages+daily_trend
SI,instagram,owned,share,0.0,summary+messages+daily_trend
SI,instagram,owned,avg_eng_raw,138.09,summary+messages+daily_trend
SI,instagram,owned,msg_rows,101.0,summary+messages+daily_trend
SI,instagram,owned,msg_eng_sum,13947.0,summary+messages+daily_trend
SI,instagram,owned,posts_text,101.0,summary+messages+daily_trend
SI,instagram,owned,blank_rows,0.0,summary+messages+daily_trend
SI,instagram,owned,blank_eng,0.0,summary+messages+daily_trend
SI,instagram,owned,mean_eng_text,138.09,summary+messages+daily_trend
SI,instagram,owned,median_eng_text,45.0,summary+messages+daily_trend
SI,instagram,owned,top1_share,13.3,summary+messages+daily_trend
SI,instagram,owned,top3_share,32.8,summary+messages+daily_trend
SI,instagram,owned,er_follower_pct,0.978,summary+messages+daily_trend
SI,instagram,owned,follower_start,12922.0,summary+messages+daily_trend
SI,instagram,owned,follower_end,14123.0,summary+messages+daily_trend
SI,instagram,owned,follower_delta,1201.0,summary+messages+daily_trend
SI,instagram,owned,follower_pct,9.29,summary+messages+daily_trend
SI,tiktok,owned,engagement,3694.0,summary+messages+daily_trend
SI,tiktok,owned,posts_raw,26.0,summary+messages+daily_trend
SI,tiktok,owned,views,366604.0,summary+messages+daily_trend
SI,tiktok,owned,follower,30979.0,summary+messages+daily_trend
SI,tiktok,owned,comment,28.0,summary+messages+daily_trend
SI,tiktok,owned,share,322.0,summary+messages+daily_trend
SI,tiktok,owned,avg_eng_raw,142.08,summary+messages+daily_trend
SI,tiktok,owned,msg_rows,26.0,summary+messages+daily_trend
SI,tiktok,owned,msg_eng_sum,3694.0,summary+messages+daily_trend
SI,tiktok,owned,posts_text,26.0,summary+messages+daily_trend
SI,tiktok,owned,blank_rows,0.0,summary+messages+daily_trend
SI,tiktok,owned,blank_eng,0.0,summary+messages+daily_trend
SI,tiktok,owned,mean_eng_text,142.08,summary+messages+daily_trend
SI,tiktok,owned,median_eng_text,67.5,summary+messages+daily_trend
SI,tiktok,owned,top1_share,28.2,summary+messages+daily_trend
SI,tiktok,owned,top3_share,53.2,summary+messages+daily_trend
SI,tiktok,owned,er_follower_pct,0.459,summary+messages+daily_trend
SI,tiktok,owned,follower_start,30526.0,summary+messages+daily_trend
SI,tiktok,owned,follower_end,30979.0,summary+messages+daily_trend
SI,tiktok,owned,follower_delta,453.0,summary+messages+daily_trend
SI,tiktok,owned,follower_pct,1.48,summary+messages+daily_trend
SI,twitter,owned,engagement,121.0,summary+messages+daily_trend
SI,twitter,owned,posts_raw,23.0,summary+messages+daily_trend
SI,twitter,owned,views,0.0,summary+messages+daily_trend
SI,twitter,owned,follower,17038.0,summary+messages+daily_trend
SI,twitter,owned,comment,0.0,summary+messages+daily_trend
SI,twitter,owned,share,0.0,summary+messages+daily_trend
SI,twitter,owned,avg_eng_raw,5.26,summary+messages+daily_trend
SI,twitter,owned,msg_rows,23.0,summary+messages+daily_trend
SI,twitter,owned,msg_eng_sum,121.0,summary+messages+daily_trend
SI,twitter,owned,posts_text,23.0,summary+messages+daily_trend
SI,twitter,owned,blank_rows,0.0,summary+messages+daily_trend
SI,twitter,owned,blank_eng,0.0,summary+messages+daily_trend
SI,twitter,owned,mean_eng_text,5.26,summary+messages+daily_trend
SI,twitter,owned,median_eng_text,2.0,summary+messages+daily_trend
SI,twitter,owned,top1_share,18.2,summary+messages+daily_trend
SI,twitter,owned,top3_share,43.0,summary+messages+daily_trend
SI,twitter,owned,er_follower_pct,0.031,summary+messages+daily_trend
SI,twitter,owned,follower_start,17041.0,summary+messages+daily_trend
SI,twitter,owned,follower_end,16984.0,summary+messages+daily_trend
SI,twitter,owned,follower_delta,-57.0,summary+messages+daily_trend
SI,twitter,owned,follower_pct,-0.33,summary+messages+daily_trend
SI,youtube,owned,engagement,396.0,summary+messages+daily_trend
SI,youtube,owned,posts_raw,46.0,summary+messages+daily_trend
SI,youtube,owned,views,12273.0,summary+messages+daily_trend
SI,youtube,owned,follower,113000.0,summary+messages+daily_trend
SI,youtube,owned,comment,22.0,summary+messages+daily_trend
SI,youtube,owned,share,0.0,summary+messages+daily_trend
SI,youtube,owned,avg_eng_raw,8.61,summary+messages+daily_trend
SI,youtube,owned,msg_rows,46.0,summary+messages+daily_trend
SI,youtube,owned,msg_eng_sum,396.0,summary+messages+daily_trend
SI,youtube,owned,posts_text,46.0,summary+messages+daily_trend
SI,youtube,owned,blank_rows,0.0,summary+messages+daily_trend
SI,youtube,owned,blank_eng,0.0,summary+messages+daily_trend
SI,youtube,owned,mean_eng_text,8.61,summary+messages+daily_trend
SI,youtube,owned,median_eng_text,6.0,summary+messages+daily_trend
SI,youtube,owned,top1_share,16.4,summary+messages+daily_trend
SI,youtube,owned,top3_share,32.1,summary+messages+daily_trend
SI,youtube,owned,er_follower_pct,0.008,summary+messages+daily_trend
SI,youtube,owned,follower_start,113000.0,summary+messages+daily_trend
SI,youtube,owned,follower_end,113000.0,summary+messages+daily_trend
SI,youtube,owned,follower_delta,0.0,summary+messages+daily_trend
SI,youtube,owned,follower_pct,0.0,summary+messages+daily_trend
CU,facebook,earned,engagement,680673.0,summary+messages+daily_trend
CU,facebook,earned,posts_raw,456.0,summary+messages+daily_trend
CU,facebook,earned,views,2125071.0,summary+messages+daily_trend
CU,facebook,earned,comment,17627.0,summary+messages+daily_trend
CU,facebook,earned,share,27119.0,summary+messages+daily_trend
CU,facebook,earned,avg_eng_raw,1492.7,summary+messages+daily_trend
CU,facebook,earned,msg_rows,456.0,summary+messages+daily_trend
CU,facebook,earned,msg_eng_sum,680673.0,summary+messages+daily_trend
CU,facebook,earned,posts_text,446.0,summary+messages+daily_trend
CU,facebook,earned,blank_rows,10.0,summary+messages+daily_trend
CU,facebook,earned,blank_eng,162.0,summary+messages+daily_trend
CU,facebook,earned,mean_eng_text,1525.81,summary+messages+daily_trend
CU,facebook,earned,median_eng_text,24.0,summary+messages+daily_trend
CU,facebook,earned,top1_share,41.9,summary+messages+daily_trend
CU,facebook,earned,top3_share,63.4,summary+messages+daily_trend
CU,instagram,earned,engagement,38098.0,summary+messages+daily_trend
CU,instagram,earned,posts_raw,102.0,summary+messages+daily_trend
CU,instagram,earned,views,126221.0,summary+messages+daily_trend
CU,instagram,earned,comment,330.0,summary+messages+daily_trend
CU,instagram,earned,share,0.0,summary+messages+daily_trend
CU,instagram,earned,avg_eng_raw,373.51,summary+messages+daily_trend
CU,instagram,earned,msg_rows,102.0,summary+messages+daily_trend
CU,instagram,earned,msg_eng_sum,38098.0,summary+messages+daily_trend
CU,instagram,earned,posts_text,102.0,summary+messages+daily_trend
CU,instagram,earned,blank_rows,0.0,summary+messages+daily_trend
CU,instagram,earned,blank_eng,0.0,summary+messages+daily_trend
CU,instagram,earned,mean_eng_text,373.51,summary+messages+daily_trend
CU,instagram,earned,median_eng_text,4.0,summary+messages+daily_trend
CU,instagram,earned,top1_share,38.0,summary+messages+daily_trend
CU,instagram,earned,top3_share,66.3,summary+messages+daily_trend
CU,tiktok,earned,engagement,26270.0,summary+messages+daily_trend
CU,tiktok,earned,posts_raw,27.0,summary+messages+daily_trend
CU,tiktok,earned,views,442746.0,summary+messages+daily_trend
CU,tiktok,earned,comment,413.0,summary+messages+daily_trend
CU,tiktok,earned,share,1604.0,summary+messages+daily_trend
CU,tiktok,earned,avg_eng_raw,972.96,summary+messages+daily_trend
CU,tiktok,earned,msg_rows,27.0,summary+messages+daily_trend
CU,tiktok,earned,msg_eng_sum,26270.0,summary+messages+daily_trend
CU,tiktok,earned,posts_text,27.0,summary+messages+daily_trend
CU,tiktok,earned,blank_rows,0.0,summary+messages+daily_trend
CU,tiktok,earned,blank_eng,0.0,summary+messages+daily_trend
CU,tiktok,earned,mean_eng_text,972.96,summary+messages+daily_trend
CU,tiktok,earned,median_eng_text,46.0,summary+messages+daily_trend
CU,tiktok,earned,top1_share,78.9,summary+messages+daily_trend
CU,tiktok,earned,top3_share,90.9,summary+messages+daily_trend
CU,twitter,earned,engagement,12119.0,summary+messages+daily_trend
CU,twitter,earned,posts_raw,86.0,summary+messages+daily_trend
CU,twitter,earned,views,0.0,summary+messages+daily_trend
CU,twitter,earned,comment,0.0,summary+messages+daily_trend
CU,twitter,earned,share,0.0,summary+messages+daily_trend
CU,twitter,earned,avg_eng_raw,140.92,summary+messages+daily_trend
CU,twitter,earned,msg_rows,86.0,summary+messages+daily_trend
CU,twitter,earned,msg_eng_sum,12119.0,summary+messages+daily_trend
CU,twitter,earned,posts_text,86.0,summary+messages+daily_trend
CU,twitter,earned,blank_rows,0.0,summary+messages+daily_trend
CU,twitter,earned,blank_eng,0.0,summary+messages+daily_trend
CU,twitter,earned,mean_eng_text,140.92,summary+messages+daily_trend
CU,twitter,earned,median_eng_text,7.0,summary+messages+daily_trend
CU,twitter,earned,top1_share,28.4,summary+messages+daily_trend
CU,twitter,earned,top3_share,60.1,summary+messages+daily_trend
CU,youtube,earned,engagement,580.0,summary+messages+daily_trend
CU,youtube,earned,posts_raw,6.0,summary+messages+daily_trend
CU,youtube,earned,views,21682.0,summary+messages+daily_trend
CU,youtube,earned,comment,40.0,summary+messages+daily_trend
CU,youtube,earned,avg_eng_raw,96.67,summary+messages+daily_trend
CU,youtube,earned,msg_rows,6.0,summary+messages+daily_trend
CU,youtube,earned,msg_eng_sum,580.0,summary+messages+daily_trend
CU,youtube,earned,posts_text,6.0,summary+messages+daily_trend
CU,youtube,earned,blank_rows,0.0,summary+messages+daily_trend
CU,youtube,earned,blank_eng,0.0,summary+messages+daily_trend
CU,youtube,earned,mean_eng_text,96.67,summary+messages+daily_trend
CU,youtube,earned,median_eng_text,95.0,summary+messages+daily_trend
CU,youtube,earned,top1_share,32.1,summary+messages+daily_trend
CU,youtube,earned,top3_share,81.2,summary+messages+daily_trend
CU,facebook,owned,engagement,67005.0,summary+messages+daily_trend
CU,facebook,owned,posts_raw,611.0,summary+messages+daily_trend
CU,facebook,owned,views,856259.0,summary+messages+daily_trend
CU,facebook,owned,follower,232036.0,summary+messages+daily_trend
CU,facebook,owned,comment,3534.0,summary+messages+daily_trend
CU,facebook,owned,share,6691.0,summary+messages+daily_trend
CU,facebook,owned,avg_eng_raw,109.66,summary+messages+daily_trend
CU,facebook,owned,msg_rows,611.0,summary+messages+daily_trend
CU,facebook,owned,msg_eng_sum,67005.0,summary+messages+daily_trend
CU,facebook,owned,posts_text,180.0,summary+messages+daily_trend
CU,facebook,owned,blank_rows,431.0,summary+messages+daily_trend
CU,facebook,owned,blank_eng,7905.0,summary+messages+daily_trend
CU,facebook,owned,mean_eng_text,328.33,summary+messages+daily_trend
CU,facebook,owned,median_eng_text,195.0,summary+messages+daily_trend
CU,facebook,owned,top1_share,6.4,summary+messages+daily_trend
CU,facebook,owned,top3_share,14.0,summary+messages+daily_trend
CU,facebook,owned,er_follower_pct,0.141,summary+messages+daily_trend
CU,facebook,owned,follower_start,226738.0,summary+messages+daily_trend
CU,facebook,owned,follower_end,232036.0,summary+messages+daily_trend
CU,facebook,owned,follower_delta,5298.0,summary+messages+daily_trend
CU,facebook,owned,follower_pct,2.34,summary+messages+daily_trend
CU,instagram,owned,engagement,10128.0,summary+messages+daily_trend
CU,instagram,owned,posts_raw,95.0,summary+messages+daily_trend
CU,instagram,owned,views,133011.0,summary+messages+daily_trend
CU,instagram,owned,follower,13216.0,summary+messages+daily_trend
CU,instagram,owned,comment,21.0,summary+messages+daily_trend
CU,instagram,owned,share,0.0,summary+messages+daily_trend
CU,instagram,owned,avg_eng_raw,106.61,summary+messages+daily_trend
CU,instagram,owned,msg_rows,95.0,summary+messages+daily_trend
CU,instagram,owned,msg_eng_sum,10128.0,summary+messages+daily_trend
CU,instagram,owned,posts_text,88.0,summary+messages+daily_trend
CU,instagram,owned,blank_rows,7.0,summary+messages+daily_trend
CU,instagram,owned,blank_eng,431.0,summary+messages+daily_trend
CU,instagram,owned,mean_eng_text,110.19,summary+messages+daily_trend
CU,instagram,owned,median_eng_text,36.0,summary+messages+daily_trend
CU,instagram,owned,top1_share,22.0,summary+messages+daily_trend
CU,instagram,owned,top3_share,39.6,summary+messages+daily_trend
CU,instagram,owned,er_follower_pct,0.834,summary+messages+daily_trend
CU,instagram,owned,follower_start,11237.0,summary+messages+daily_trend
CU,instagram,owned,follower_end,13216.0,summary+messages+daily_trend
CU,instagram,owned,follower_delta,1979.0,summary+messages+daily_trend
CU,instagram,owned,follower_pct,17.61,summary+messages+daily_trend
CU,tiktok,owned,engagement,25578.0,summary+messages+daily_trend
CU,tiktok,owned,posts_raw,24.0,summary+messages+daily_trend
CU,tiktok,owned,views,268973.0,summary+messages+daily_trend
CU,tiktok,owned,follower,16949.0,summary+messages+daily_trend
CU,tiktok,owned,comment,189.0,summary+messages+daily_trend
CU,tiktok,owned,share,4347.0,summary+messages+daily_trend
CU,tiktok,owned,avg_eng_raw,1065.75,summary+messages+daily_trend
CU,tiktok,owned,msg_rows,24.0,summary+messages+daily_trend
CU,tiktok,owned,msg_eng_sum,25578.0,summary+messages+daily_trend
CU,tiktok,owned,posts_text,24.0,summary+messages+daily_trend
CU,tiktok,owned,blank_rows,0.0,summary+messages+daily_trend
CU,tiktok,owned,blank_eng,0.0,summary+messages+daily_trend
CU,tiktok,owned,mean_eng_text,1065.75,summary+messages+daily_trend
CU,tiktok,owned,median_eng_text,204.0,summary+messages+daily_trend
CU,tiktok,owned,top1_share,37.0,summary+messages+daily_trend
CU,tiktok,owned,top3_share,76.1,summary+messages+daily_trend
CU,tiktok,owned,er_follower_pct,6.288,summary+messages+daily_trend
CU,tiktok,owned,follower_start,13125.0,summary+messages+daily_trend
CU,tiktok,owned,follower_end,16949.0,summary+messages+daily_trend
CU,tiktok,owned,follower_delta,3824.0,summary+messages+daily_trend
CU,tiktok,owned,follower_pct,29.14,summary+messages+daily_trend
CU,twitter,owned,engagement,425.0,summary+messages+daily_trend
CU,twitter,owned,posts_raw,60.0,summary+messages+daily_trend
CU,twitter,owned,views,0.0,summary+messages+daily_trend
CU,twitter,owned,follower,27674.0,summary+messages+daily_trend
CU,twitter,owned,comment,0.0,summary+messages+daily_trend
CU,twitter,owned,share,0.0,summary+messages+daily_trend
CU,twitter,owned,avg_eng_raw,7.08,summary+messages+daily_trend
CU,twitter,owned,msg_rows,60.0,summary+messages+daily_trend
CU,twitter,owned,msg_eng_sum,425.0,summary+messages+daily_trend
CU,twitter,owned,posts_text,60.0,summary+messages+daily_trend
CU,twitter,owned,blank_rows,0.0,summary+messages+daily_trend
CU,twitter,owned,blank_eng,0.0,summary+messages+daily_trend
CU,twitter,owned,mean_eng_text,7.08,summary+messages+daily_trend
CU,twitter,owned,median_eng_text,5.0,summary+messages+daily_trend
CU,twitter,owned,top1_share,13.4,summary+messages+daily_trend
CU,twitter,owned,top3_share,26.8,summary+messages+daily_trend
CU,twitter,owned,er_follower_pct,0.026,summary+messages+daily_trend
CU,twitter,owned,follower_start,27635.0,summary+messages+daily_trend
CU,twitter,owned,follower_end,27674.0,summary+messages+daily_trend
CU,twitter,owned,follower_delta,39.0,summary+messages+daily_trend
CU,twitter,owned,follower_pct,0.14,summary+messages+daily_trend
SMV,facebook,earned,engagement,205594.0,summary+messages+daily_trend
SMV,facebook,earned,posts_raw,1732.0,summary+messages+daily_trend
SMV,facebook,earned,views,3387535.0,summary+messages+daily_trend
SMV,facebook,earned,comment,5088.0,summary+messages+daily_trend
SMV,facebook,earned,share,33249.0,summary+messages+daily_trend
SMV,facebook,earned,avg_eng_raw,118.7,summary+messages+daily_trend
SMV,facebook,earned,msg_rows,1733.0,summary+messages+daily_trend
SMV,facebook,earned,msg_eng_sum,205596.0,summary+messages+daily_trend
SMV,facebook,earned,posts_text,1733.0,summary+messages+daily_trend
SMV,facebook,earned,blank_rows,0.0,summary+messages+daily_trend
SMV,facebook,earned,blank_eng,0.0,summary+messages+daily_trend
SMV,facebook,earned,mean_eng_text,118.64,summary+messages+daily_trend
SMV,facebook,earned,median_eng_text,1.0,summary+messages+daily_trend
SMV,facebook,earned,top1_share,19.2,summary+messages+daily_trend
SMV,facebook,earned,top3_share,28.8,summary+messages+daily_trend
SMV,instagram,earned,engagement,47064.0,summary+messages+daily_trend
SMV,instagram,earned,posts_raw,327.0,summary+messages+daily_trend
SMV,instagram,earned,views,353909.0,summary+messages+daily_trend
SMV,instagram,earned,comment,522.0,summary+messages+daily_trend
SMV,instagram,earned,share,0.0,summary+messages+daily_trend
SMV,instagram,earned,avg_eng_raw,143.93,summary+messages+daily_trend
SMV,instagram,earned,msg_rows,327.0,summary+messages+daily_trend
SMV,instagram,earned,msg_eng_sum,47064.0,summary+messages+daily_trend
SMV,instagram,earned,posts_text,327.0,summary+messages+daily_trend
SMV,instagram,earned,blank_rows,0.0,summary+messages+daily_trend
SMV,instagram,earned,blank_eng,0.0,summary+messages+daily_trend
SMV,instagram,earned,mean_eng_text,143.93,summary+messages+daily_trend
SMV,instagram,earned,median_eng_text,1.0,summary+messages+daily_trend
SMV,instagram,earned,top1_share,31.4,summary+messages+daily_trend
SMV,instagram,earned,top3_share,50.3,summary+messages+daily_trend
SMV,tiktok,earned,engagement,8370.0,summary+messages+daily_trend
SMV,tiktok,earned,posts_raw,35.0,summary+messages+daily_trend
SMV,tiktok,earned,views,166063.0,summary+messages+daily_trend
SMV,tiktok,earned,comment,86.0,summary+messages+daily_trend
SMV,tiktok,earned,share,836.0,summary+messages+daily_trend
SMV,tiktok,earned,avg_eng_raw,239.14,summary+messages+daily_trend
SMV,tiktok,earned,msg_rows,35.0,summary+messages+daily_trend
SMV,tiktok,earned,msg_eng_sum,8370.0,summary+messages+daily_trend
SMV,tiktok,earned,posts_text,35.0,summary+messages+daily_trend
SMV,tiktok,earned,blank_rows,0.0,summary+messages+daily_trend
SMV,tiktok,earned,blank_eng,0.0,summary+messages+daily_trend
SMV,tiktok,earned,mean_eng_text,239.14,summary+messages+daily_trend
SMV,tiktok,earned,median_eng_text,14.0,summary+messages+daily_trend
SMV,tiktok,earned,top1_share,74.8,summary+messages+daily_trend
SMV,tiktok,earned,top3_share,88.8,summary+messages+daily_trend
SMV,twitter,earned,engagement,4204.0,summary+messages+daily_trend
SMV,twitter,earned,posts_raw,85.0,summary+messages+daily_trend
SMV,twitter,earned,views,0.0,summary+messages+daily_trend
SMV,twitter,earned,comment,0.0,summary+messages+daily_trend
SMV,twitter,earned,share,0.0,summary+messages+daily_trend
SMV,twitter,earned,avg_eng_raw,49.46,summary+messages+daily_trend
SMV,twitter,earned,msg_rows,85.0,summary+messages+daily_trend
SMV,twitter,earned,msg_eng_sum,4204.0,summary+messages+daily_trend
SMV,twitter,earned,posts_text,85.0,summary+messages+daily_trend
SMV,twitter,earned,blank_rows,0.0,summary+messages+daily_trend
SMV,twitter,earned,blank_eng,0.0,summary+messages+daily_trend
SMV,twitter,earned,mean_eng_text,49.46,summary+messages+daily_trend
SMV,twitter,earned,median_eng_text,6.0,summary+messages+daily_trend
SMV,twitter,earned,top1_share,24.8,summary+messages+daily_trend
SMV,twitter,earned,top3_share,66.7,summary+messages+daily_trend
SMV,youtube,earned,engagement,5129.0,summary+messages+daily_trend
SMV,youtube,earned,posts_raw,18.0,summary+messages+daily_trend
SMV,youtube,earned,views,3110339.0,summary+messages+daily_trend
SMV,youtube,earned,comment,383.0,summary+messages+daily_trend
SMV,youtube,earned,avg_eng_raw,284.94,summary+messages+daily_trend
SMV,youtube,earned,msg_rows,18.0,summary+messages+daily_trend
SMV,youtube,earned,msg_eng_sum,5129.0,summary+messages+daily_trend
SMV,youtube,earned,posts_text,18.0,summary+messages+daily_trend
SMV,youtube,earned,blank_rows,0.0,summary+messages+daily_trend
SMV,youtube,earned,blank_eng,0.0,summary+messages+daily_trend
SMV,youtube,earned,mean_eng_text,284.94,summary+messages+daily_trend
SMV,youtube,earned,median_eng_text,11.5,summary+messages+daily_trend
SMV,youtube,earned,top1_share,72.6,summary+messages+daily_trend
SMV,youtube,earned,top3_share,93.6,summary+messages+daily_trend
SMV,facebook,owned,engagement,105672.0,summary+messages+daily_trend
SMV,facebook,owned,posts_raw,477.0,summary+messages+daily_trend
SMV,facebook,owned,views,3865348.0,summary+messages+daily_trend
SMV,facebook,owned,follower,303483.0,summary+messages+daily_trend
SMV,facebook,owned,comment,1274.0,summary+messages+daily_trend
SMV,facebook,owned,share,9176.0,summary+messages+daily_trend
SMV,facebook,owned,avg_eng_raw,221.53,summary+messages+daily_trend
SMV,facebook,owned,msg_rows,477.0,summary+messages+daily_trend
SMV,facebook,owned,msg_eng_sum,105672.0,summary+messages+daily_trend
SMV,facebook,owned,posts_text,128.0,summary+messages+daily_trend
SMV,facebook,owned,blank_rows,349.0,summary+messages+daily_trend
SMV,facebook,owned,blank_eng,1097.0,summary+messages+daily_trend
SMV,facebook,owned,mean_eng_text,816.99,summary+messages+daily_trend
SMV,facebook,owned,median_eng_text,402.5,summary+messages+daily_trend
SMV,facebook,owned,top1_share,9.8,summary+messages+daily_trend
SMV,facebook,owned,top3_share,22.3,summary+messages+daily_trend
SMV,facebook,owned,er_follower_pct,0.269,summary+messages+daily_trend
SMV,facebook,owned,follower_start,298207.0,summary+messages+daily_trend
SMV,facebook,owned,follower_end,303473.0,summary+messages+daily_trend
SMV,facebook,owned,follower_delta,5266.0,summary+messages+daily_trend
SMV,facebook,owned,follower_pct,1.77,summary+messages+daily_trend
SMV,instagram,owned,engagement,1727.0,summary+messages+daily_trend
SMV,instagram,owned,posts_raw,28.0,summary+messages+daily_trend
SMV,instagram,owned,views,8330.0,summary+messages+daily_trend
SMV,instagram,owned,follower,25645.0,summary+messages+daily_trend
SMV,instagram,owned,comment,9.0,summary+messages+daily_trend
SMV,instagram,owned,avg_eng_raw,61.68,summary+messages+daily_trend
SMV,instagram,owned,msg_rows,28.0,summary+messages+daily_trend
SMV,instagram,owned,msg_eng_sum,1727.0,summary+messages+daily_trend
SMV,instagram,owned,posts_text,28.0,summary+messages+daily_trend
SMV,instagram,owned,blank_rows,0.0,summary+messages+daily_trend
SMV,instagram,owned,blank_eng,0.0,summary+messages+daily_trend
SMV,instagram,owned,mean_eng_text,61.68,summary+messages+daily_trend
SMV,instagram,owned,median_eng_text,54.0,summary+messages+daily_trend
SMV,instagram,owned,top1_share,15.7,summary+messages+daily_trend
SMV,instagram,owned,top3_share,30.0,summary+messages+daily_trend
SMV,instagram,owned,er_follower_pct,0.241,summary+messages+daily_trend
SMV,instagram,owned,follower_start,25466.0,summary+messages+daily_trend
SMV,instagram,owned,follower_end,25645.0,summary+messages+daily_trend
SMV,instagram,owned,follower_delta,179.0,summary+messages+daily_trend
SMV,instagram,owned,follower_pct,0.7,summary+messages+daily_trend
SMV,tiktok,owned,engagement,147911.0,summary+messages+daily_trend
SMV,tiktok,owned,posts_raw,37.0,summary+messages+daily_trend
SMV,tiktok,owned,views,4661560.0,summary+messages+daily_trend
SMV,tiktok,owned,follower,66651.0,summary+messages+daily_trend
SMV,tiktok,owned,comment,1949.0,summary+messages+daily_trend
SMV,tiktok,owned,share,12565.0,summary+messages+daily_trend
SMV,tiktok,owned,avg_eng_raw,3997.59,summary+messages+daily_trend
SMV,tiktok,owned,msg_rows,37.0,summary+messages+daily_trend
SMV,tiktok,owned,msg_eng_sum,147911.0,summary+messages+daily_trend
SMV,tiktok,owned,posts_text,36.0,summary+messages+daily_trend
SMV,tiktok,owned,blank_rows,1.0,summary+messages+daily_trend
SMV,tiktok,owned,blank_eng,75.0,summary+messages+daily_trend
SMV,tiktok,owned,mean_eng_text,4106.56,summary+messages+daily_trend
SMV,tiktok,owned,median_eng_text,115.5,summary+messages+daily_trend
SMV,tiktok,owned,top1_share,66.2,summary+messages+daily_trend
SMV,tiktok,owned,top3_share,80.4,summary+messages+daily_trend
SMV,tiktok,owned,er_follower_pct,6.161,summary+messages+daily_trend
SMV,tiktok,owned,follower_start,52103.0,summary+messages+daily_trend
SMV,tiktok,owned,follower_end,66651.0,summary+messages+daily_trend
SMV,tiktok,owned,follower_delta,14548.0,summary+messages+daily_trend
SMV,tiktok,owned,follower_pct,27.92,summary+messages+daily_trend
SMV,twitter,owned,engagement,102840.0,summary+messages+daily_trend
SMV,twitter,owned,posts_raw,63.0,summary+messages+daily_trend
SMV,twitter,owned,views,0.0,summary+messages+daily_trend
SMV,twitter,owned,follower,57330.0,summary+messages+daily_trend
SMV,twitter,owned,comment,0.0,summary+messages+daily_trend
SMV,twitter,owned,share,0.0,summary+messages+daily_trend
SMV,twitter,owned,avg_eng_raw,1632.38,summary+messages+daily_trend
SMV,twitter,owned,msg_rows,63.0,summary+messages+daily_trend
SMV,twitter,owned,msg_eng_sum,102840.0,summary+messages+daily_trend
SMV,twitter,owned,posts_text,63.0,summary+messages+daily_trend
SMV,twitter,owned,blank_rows,0.0,summary+messages+daily_trend
SMV,twitter,owned,blank_eng,0.0,summary+messages+daily_trend
SMV,twitter,owned,mean_eng_text,1632.38,summary+messages+daily_trend
SMV,twitter,owned,median_eng_text,424.0,summary+messages+daily_trend
SMV,twitter,owned,top1_share,36.9,summary+messages+daily_trend
SMV,twitter,owned,top3_share,50.8,summary+messages+daily_trend
SMV,twitter,owned,er_follower_pct,2.847,summary+messages+daily_trend
SMV,twitter,owned,follower_start,57345.0,summary+messages+daily_trend
SMV,twitter,owned,follower_end,57166.0,summary+messages+daily_trend
SMV,twitter,owned,follower_delta,-179.0,summary+messages+daily_trend
SMV,twitter,owned,follower_pct,-0.31,summary+messages+daily_trend
SMV,youtube,owned,engagement,2209.0,summary+messages+daily_trend
SMV,youtube,owned,posts_raw,43.0,summary+messages+daily_trend
SMV,youtube,owned,views,398600.0,summary+messages+daily_trend
SMV,youtube,owned,follower,192000.0,summary+messages+daily_trend
SMV,youtube,owned,comment,41.0,summary+messages+daily_trend
SMV,youtube,owned,share,0.0,summary+messages+daily_trend
SMV,youtube,owned,avg_eng_raw,51.37,summary+messages+daily_trend
SMV,youtube,owned,msg_rows,43.0,summary+messages+daily_trend
SMV,youtube,owned,msg_eng_sum,2209.0,summary+messages+daily_trend
SMV,youtube,owned,posts_text,38.0,summary+messages+daily_trend
SMV,youtube,owned,blank_rows,5.0,summary+messages+daily_trend
SMV,youtube,owned,blank_eng,85.0,summary+messages+daily_trend
SMV,youtube,owned,mean_eng_text,55.89,summary+messages+daily_trend
SMV,youtube,owned,median_eng_text,17.5,summary+messages+daily_trend
SMV,youtube,owned,top1_share,27.6,summary+messages+daily_trend
SMV,youtube,owned,top3_share,60.4,summary+messages+daily_trend
SMV,youtube,owned,er_follower_pct,0.029,summary+messages+daily_trend
SMV,youtube,owned,follower_start,189000.0,summary+messages+daily_trend
SMV,youtube,owned,follower_end,192000.0,summary+messages+daily_trend
SMV,youtube,owned,follower_delta,3000.0,summary+messages+daily_trend
SMV,youtube,owned,follower_pct,1.59,summary+messages+daily_trend
CU,facebook,earned,month_engagement@2026-06,305.0,daily_trend
CU,facebook,earned,month_engagement@2026-07,462992.0,daily_trend
CU,facebook,earned,month_engagement@2026-08,201250.0,daily_trend
CU,facebook,earned,month_engagement@2026-09,16126.0,daily_trend
CU,facebook,owned,month_engagement@2026-06,6466.0,daily_trend
CU,facebook,owned,month_engagement@2026-07,24329.0,daily_trend
CU,facebook,owned,month_engagement@2026-08,23437.0,daily_trend
CU,facebook,owned,month_engagement@2026-09,12773.0,daily_trend
CU,instagram,earned,month_engagement@2026-06,0.0,daily_trend
CU,instagram,earned,month_engagement@2026-07,28700.0,daily_trend
CU,instagram,earned,month_engagement@2026-08,5934.0,daily_trend
CU,instagram,earned,month_engagement@2026-09,3464.0,daily_trend
CU,instagram,owned,month_engagement@2026-06,815.0,daily_trend
CU,instagram,owned,month_engagement@2026-07,2515.0,daily_trend
CU,instagram,owned,month_engagement@2026-08,2505.0,daily_trend
CU,instagram,owned,month_engagement@2026-09,4293.0,daily_trend
CU,tiktok,earned,month_engagement@2026-06,0.0,daily_trend
CU,tiktok,earned,month_engagement@2026-07,3885.0,daily_trend
CU,tiktok,earned,month_engagement@2026-08,21705.0,daily_trend
CU,tiktok,earned,month_engagement@2026-09,680.0,daily_trend
CU,tiktok,owned,month_engagement@2026-06,9499.0,daily_trend
CU,tiktok,owned,month_engagement@2026-07,11076.0,daily_trend
CU,tiktok,owned,month_engagement@2026-08,1963.0,daily_trend
CU,tiktok,owned,month_engagement@2026-09,3040.0,daily_trend
CU,twitter,earned,month_engagement@2026-06,103.0,daily_trend
CU,twitter,earned,month_engagement@2026-07,6231.0,daily_trend
CU,twitter,earned,month_engagement@2026-08,3367.0,daily_trend
CU,twitter,earned,month_engagement@2026-09,2418.0,daily_trend
CU,twitter,owned,month_engagement@2026-06,6.0,daily_trend
CU,twitter,owned,month_engagement@2026-07,163.0,daily_trend
CU,twitter,owned,month_engagement@2026-08,206.0,daily_trend
CU,twitter,owned,month_engagement@2026-09,50.0,daily_trend
CU,youtube,earned,month_engagement@2026-06,0.0,daily_trend
CU,youtube,earned,month_engagement@2026-07,186.0,daily_trend
CU,youtube,earned,month_engagement@2026-08,206.0,daily_trend
CU,youtube,earned,month_engagement@2026-09,188.0,daily_trend
MEDCMU,facebook,earned,month_engagement@2026-06,1722.0,daily_trend
MEDCMU,facebook,earned,month_engagement@2026-07,14778.0,daily_trend
MEDCMU,facebook,earned,month_engagement@2026-08,11801.0,daily_trend
MEDCMU,facebook,earned,month_engagement@2026-09,32624.0,daily_trend
MEDCMU,facebook,owned,month_engagement@2026-06,12352.0,daily_trend
MEDCMU,facebook,owned,month_engagement@2026-07,80959.0,daily_trend
MEDCMU,facebook,owned,month_engagement@2026-08,70209.0,daily_trend
MEDCMU,facebook,owned,month_engagement@2026-09,167385.0,daily_trend
MEDCMU,instagram,earned,month_engagement@2026-06,21.0,daily_trend
MEDCMU,instagram,earned,month_engagement@2026-07,6277.0,daily_trend
MEDCMU,instagram,earned,month_engagement@2026-08,1056.0,daily_trend
MEDCMU,instagram,earned,month_engagement@2026-09,10783.0,daily_trend
MEDCMU,instagram,owned,month_engagement@2026-06,606.0,daily_trend
MEDCMU,instagram,owned,month_engagement@2026-07,12230.0,daily_trend
MEDCMU,instagram,owned,month_engagement@2026-08,14780.0,daily_trend
MEDCMU,instagram,owned,month_engagement@2026-09,28282.0,daily_trend
MEDCMU,tiktok,earned,month_engagement@2026-06,0.0,daily_trend
MEDCMU,tiktok,earned,month_engagement@2026-07,43.0,daily_trend
MEDCMU,tiktok,earned,month_engagement@2026-08,15035.0,daily_trend
MEDCMU,tiktok,earned,month_engagement@2026-09,4026.0,daily_trend
MEDCMU,tiktok,owned,month_engagement@2026-06,2862.0,daily_trend
MEDCMU,tiktok,owned,month_engagement@2026-07,13538.0,daily_trend
MEDCMU,tiktok,owned,month_engagement@2026-08,59766.0,daily_trend
MEDCMU,tiktok,owned,month_engagement@2026-09,121444.0,daily_trend
MEDCMU,twitter,earned,month_engagement@2026-06,73.0,daily_trend
MEDCMU,twitter,earned,month_engagement@2026-07,362.0,daily_trend
MEDCMU,twitter,earned,month_engagement@2026-08,77.0,daily_trend
MEDCMU,twitter,earned,month_engagement@2026-09,97.0,daily_trend
MEDCMU,twitter,owned,month_engagement@2026-06,14959.0,daily_trend
MEDCMU,twitter,owned,month_engagement@2026-07,38833.0,daily_trend
MEDCMU,twitter,owned,month_engagement@2026-08,23976.0,daily_trend
MEDCMU,twitter,owned,month_engagement@2026-09,14079.0,daily_trend
MEDCMU,youtube,earned,month_engagement@2026-06,0.0,daily_trend
MEDCMU,youtube,earned,month_engagement@2026-07,365.0,daily_trend
MEDCMU,youtube,earned,month_engagement@2026-08,0.0,daily_trend
MEDCMU,youtube,earned,month_engagement@2026-09,0.0,daily_trend
MEDCMU,youtube,owned,month_engagement@2026-06,37.0,daily_trend
MEDCMU,youtube,owned,month_engagement@2026-07,1256.0,daily_trend
MEDCMU,youtube,owned,month_engagement@2026-08,15105.0,daily_trend
MEDCMU,youtube,owned,month_engagement@2026-09,10246.0,daily_trend
SI,facebook,earned,month_engagement@2026-06,31340.0,daily_trend
SI,facebook,earned,month_engagement@2026-07,699790.0,daily_trend
SI,facebook,earned,month_engagement@2026-08,860425.0,daily_trend
SI,facebook,earned,month_engagement@2026-09,421848.0,daily_trend
SI,facebook,owned,month_engagement@2026-06,321.0,daily_trend
SI,facebook,owned,month_engagement@2026-07,15909.0,daily_trend
SI,facebook,owned,month_engagement@2026-08,5465.0,daily_trend
SI,facebook,owned,month_engagement@2026-09,56885.0,daily_trend
SI,instagram,earned,month_engagement@2026-06,69695.0,daily_trend
SI,instagram,earned,month_engagement@2026-07,103562.0,daily_trend
SI,instagram,earned,month_engagement@2026-08,91462.0,daily_trend
SI,instagram,earned,month_engagement@2026-09,87522.0,daily_trend
SI,instagram,owned,month_engagement@2026-06,1174.0,daily_trend
SI,instagram,owned,month_engagement@2026-07,1965.0,daily_trend
SI,instagram,owned,month_engagement@2026-08,1227.0,daily_trend
SI,instagram,owned,month_engagement@2026-09,9581.0,daily_trend
SI,tiktok,earned,month_engagement@2026-06,20885.0,daily_trend
SI,tiktok,earned,month_engagement@2026-07,64939.0,daily_trend
SI,tiktok,earned,month_engagement@2026-08,45364.0,daily_trend
SI,tiktok,earned,month_engagement@2026-09,61541.0,daily_trend
SI,tiktok,owned,month_engagement@2026-06,721.0,daily_trend
SI,tiktok,owned,month_engagement@2026-07,393.0,daily_trend
SI,tiktok,owned,month_engagement@2026-08,504.0,daily_trend
SI,tiktok,owned,month_engagement@2026-09,2076.0,daily_trend
SI,twitter,earned,month_engagement@2026-06,24449.0,daily_trend
SI,twitter,earned,month_engagement@2026-07,25003.0,daily_trend
SI,twitter,earned,month_engagement@2026-08,26763.0,daily_trend
SI,twitter,earned,month_engagement@2026-09,26554.0,daily_trend
SI,twitter,owned,month_engagement@2026-06,1.0,daily_trend
SI,twitter,owned,month_engagement@2026-07,56.0,daily_trend
SI,twitter,owned,month_engagement@2026-08,30.0,daily_trend
SI,twitter,owned,month_engagement@2026-09,34.0,daily_trend
SI,youtube,earned,month_engagement@2026-06,3.0,daily_trend
SI,youtube,earned,month_engagement@2026-07,11081.0,daily_trend
SI,youtube,earned,month_engagement@2026-08,18810.0,daily_trend
SI,youtube,earned,month_engagement@2026-09,6086.0,daily_trend
SI,youtube,owned,month_engagement@2026-06,65.0,daily_trend
SI,youtube,owned,month_engagement@2026-07,65.0,daily_trend
SI,youtube,owned,month_engagement@2026-08,67.0,daily_trend
SI,youtube,owned,month_engagement@2026-09,199.0,daily_trend
SMV,facebook,earned,month_engagement@2026-06,7167.0,daily_trend
SMV,facebook,earned,month_engagement@2026-07,87053.0,daily_trend
SMV,facebook,earned,month_engagement@2026-08,76710.0,daily_trend
SMV,facebook,earned,month_engagement@2026-09,34664.0,daily_trend
SMV,facebook,owned,month_engagement@2026-06,3918.0,daily_trend
SMV,facebook,owned,month_engagement@2026-07,26688.0,daily_trend
SMV,facebook,owned,month_engagement@2026-08,49413.0,daily_trend
SMV,facebook,owned,month_engagement@2026-09,25653.0,daily_trend
SMV,instagram,earned,month_engagement@2026-06,5982.0,daily_trend
SMV,instagram,earned,month_engagement@2026-07,3386.0,daily_trend
SMV,instagram,earned,month_engagement@2026-08,16488.0,daily_trend
SMV,instagram,earned,month_engagement@2026-09,21208.0,daily_trend
SMV,instagram,owned,month_engagement@2026-06,82.0,daily_trend
SMV,instagram,owned,month_engagement@2026-07,416.0,daily_trend
SMV,instagram,owned,month_engagement@2026-08,377.0,daily_trend
SMV,instagram,owned,month_engagement@2026-09,852.0,daily_trend
SMV,tiktok,earned,month_engagement@2026-06,7292.0,daily_trend
SMV,tiktok,earned,month_engagement@2026-07,188.0,daily_trend
SMV,tiktok,earned,month_engagement@2026-08,383.0,daily_trend
SMV,tiktok,earned,month_engagement@2026-09,507.0,daily_trend
SMV,tiktok,owned,month_engagement@2026-06,13346.0,daily_trend
SMV,tiktok,owned,month_engagement@2026-07,102676.0,daily_trend
SMV,tiktok,owned,month_engagement@2026-08,30600.0,daily_trend
SMV,tiktok,owned,month_engagement@2026-09,1289.0,daily_trend
SMV,twitter,earned,month_engagement@2026-06,7.0,daily_trend
SMV,twitter,earned,month_engagement@2026-07,3118.0,daily_trend
SMV,twitter,earned,month_engagement@2026-08,432.0,daily_trend
SMV,twitter,earned,month_engagement@2026-09,647.0,daily_trend
SMV,twitter,owned,month_engagement@2026-06,221.0,daily_trend
SMV,twitter,owned,month_engagement@2026-07,10627.0,daily_trend
SMV,twitter,owned,month_engagement@2026-08,34167.0,daily_trend
SMV,twitter,owned,month_engagement@2026-09,57825.0,daily_trend
SMV,youtube,earned,month_engagement@2026-06,1.0,daily_trend
SMV,youtube,earned,month_engagement@2026-07,833.0,daily_trend
SMV,youtube,earned,month_engagement@2026-08,338.0,daily_trend
SMV,youtube,earned,month_engagement@2026-09,3957.0,daily_trend
SMV,youtube,owned,month_engagement@2026-06,22.0,daily_trend
SMV,youtube,owned,month_engagement@2026-07,137.0,daily_trend
SMV,youtube,owned,month_engagement@2026-08,1462.0,daily_trend
SMV,youtube,owned,month_engagement@2026-09,588.0,daily_trend
MEDCMU,all,score,Brand Score@Jan-26,99.0,Brand_Score_Jan-Sep2026.xlsx
MEDCMU,all,score,Brand Score@Feb-26,122.0,Brand_Score_Jan-Sep2026.xlsx
MEDCMU,all,score,Brand Score@Mar-26,150.0,Brand_Score_Jan-Sep2026.xlsx
MEDCMU,all,score,Brand Score@Apr-26,182.0,Brand_Score_Jan-Sep2026.xlsx
MEDCMU,all,score,Brand Score@May-26,196.0,Brand_Score_Jan-Sep2026.xlsx
MEDCMU,all,score,Brand Score@Jun-26,206.0,Brand_Score_Jan-Sep2026.xlsx
MEDCMU,all,score,Brand Score@Jul-26,211.0,Brand_Score_Jan-Sep2026.xlsx
MEDCMU,all,score,Brand Score@Aug-26,219.0,Brand_Score_Jan-Sep2026.xlsx
MEDCMU,all,score,Owned Score@Jan-26,111.0,Brand_Score_Jan-Sep2026.xlsx
MEDCMU,all,score,Owned Score@Feb-26,139.0,Brand_Score_Jan-Sep2026.xlsx
MEDCMU,all,score,Owned Score@Mar-26,174.0,Brand_Score_Jan-Sep2026.xlsx
MEDCMU,all,score,Owned Score@Apr-26,219.0,Brand_Score_Jan-Sep2026.xlsx
MEDCMU,all,score,Owned Score@May-26,229.0,Brand_Score_Jan-Sep2026.xlsx
MEDCMU,all,score,Owned Score@Jun-26,241.0,Brand_Score_Jan-Sep2026.xlsx
MEDCMU,all,score,Owned Score@Jul-26,247.0,Brand_Score_Jan-Sep2026.xlsx
MEDCMU,all,score,Owned Score@Aug-26,256.0,Brand_Score_Jan-Sep2026.xlsx
MEDCMU,all,score,Earned Score@Jan-26,76.0,Brand_Score_Jan-Sep2026.xlsx
MEDCMU,all,score,Earned Score@Feb-26,90.0,Brand_Score_Jan-Sep2026.xlsx
MEDCMU,all,score,Earned Score@Mar-26,106.0,Brand_Score_Jan-Sep2026.xlsx
MEDCMU,all,score,Earned Score@Apr-26,114.0,Brand_Score_Jan-Sep2026.xlsx
MEDCMU,all,score,Earned Score@May-26,135.0,Brand_Score_Jan-Sep2026.xlsx
MEDCMU,all,score,Earned Score@Jun-26,140.0,Brand_Score_Jan-Sep2026.xlsx
MEDCMU,all,score,Earned Score@Jul-26,145.0,Brand_Score_Jan-Sep2026.xlsx
MEDCMU,all,score,Earned Score@Aug-26,151.0,Brand_Score_Jan-Sep2026.xlsx
MEDCMU,all,score,Sentiment Score@Jan-26,44.8,Brand_Score_Jan-Sep2026.xlsx
MEDCMU,all,score,Sentiment Score@Feb-26,45.5,Brand_Score_Jan-Sep2026.xlsx
MEDCMU,all,score,Sentiment Score@Mar-26,45.2,Brand_Score_Jan-Sep2026.xlsx
MEDCMU,all,score,Sentiment Score@Apr-26,43.1,Brand_Score_Jan-Sep2026.xlsx
MEDCMU,all,score,Sentiment Score@May-26,43.4,Brand_Score_Jan-Sep2026.xlsx
MEDCMU,all,score,Sentiment Score@Jun-26,43.2,Brand_Score_Jan-Sep2026.xlsx
MEDCMU,all,score,Sentiment Score@Jul-26,43.5,Brand_Score_Jan-Sep2026.xlsx
MEDCMU,all,score,Sentiment Score@Aug-26,43.7,Brand_Score_Jan-Sep2026.xlsx
SI,all,score,Brand Score@Jan-26,79.0,Brand_Score_Jan-Sep2026.xlsx
SI,all,score,Brand Score@Feb-26,107.0,Brand_Score_Jan-Sep2026.xlsx
SI,all,score,Brand Score@Mar-26,124.0,Brand_Score_Jan-Sep2026.xlsx
SI,all,score,Brand Score@Apr-26,141.0,Brand_Score_Jan-Sep2026.xlsx
SI,all,score,Brand Score@May-26,149.0,Brand_Score_Jan-Sep2026.xlsx
SI,all,score,Brand Score@Jun-26,157.0,Brand_Score_Jan-Sep2026.xlsx
SI,all,score,Brand Score@Jul-26,167.0,Brand_Score_Jan-Sep2026.xlsx
SI,all,score,Brand Score@Aug-26,172.0,Brand_Score_Jan-Sep2026.xlsx
SI,all,score,Owned Score@Jan-26,48.0,Brand_Score_Jan-Sep2026.xlsx
SI,all,score,Owned Score@Feb-26,75.0,Brand_Score_Jan-Sep2026.xlsx
SI,all,score,Owned Score@Mar-26,87.0,Brand_Score_Jan-Sep2026.xlsx
SI,all,score,Owned Score@Apr-26,104.0,Brand_Score_Jan-Sep2026.xlsx
SI,all,score,Owned Score@May-26,108.0,Brand_Score_Jan-Sep2026.xlsx
SI,all,score,Owned Score@Jun-26,113.0,Brand_Score_Jan-Sep2026.xlsx
SI,all,score,Owned Score@Jul-26,116.0,Brand_Score_Jan-Sep2026.xlsx
SI,all,score,Owned Score@Aug-26,116.0,Brand_Score_Jan-Sep2026.xlsx
SI,all,score,Earned Score@Jan-26,137.0,Brand_Score_Jan-Sep2026.xlsx
SI,all,score,Earned Score@Feb-26,167.0,Brand_Score_Jan-Sep2026.xlsx
SI,all,score,Earned Score@Mar-26,191.0,Brand_Score_Jan-Sep2026.xlsx
SI,all,score,Earned Score@Apr-26,211.0,Brand_Score_Jan-Sep2026.xlsx
SI,all,score,Earned Score@May-26,226.0,Brand_Score_Jan-Sep2026.xlsx
SI,all,score,Earned Score@Jun-26,239.0,Brand_Score_Jan-Sep2026.xlsx
SI,all,score,Earned Score@Jul-26,261.0,Brand_Score_Jan-Sep2026.xlsx
SI,all,score,Earned Score@Aug-26,276.0,Brand_Score_Jan-Sep2026.xlsx
SI,all,score,Sentiment Score@Jan-26,38.6,Brand_Score_Jan-Sep2026.xlsx
SI,all,score,Sentiment Score@Feb-26,41.4,Brand_Score_Jan-Sep2026.xlsx
SI,all,score,Sentiment Score@Mar-26,43.7,Brand_Score_Jan-Sep2026.xlsx
SI,all,score,Sentiment Score@Apr-26,47.1,Brand_Score_Jan-Sep2026.xlsx
SI,all,score,Sentiment Score@May-26,46.2,Brand_Score_Jan-Sep2026.xlsx
SI,all,score,Sentiment Score@Jun-26,46.0,Brand_Score_Jan-Sep2026.xlsx
SI,all,score,Sentiment Score@Jul-26,46.2,Brand_Score_Jan-Sep2026.xlsx
SI,all,score,Sentiment Score@Aug-26,45.8,Brand_Score_Jan-Sep2026.xlsx
CU,all,score,Brand Score@Jan-26,100.0,Brand_Score_Jan-Sep2026.xlsx
CU,all,score,Brand Score@Feb-26,118.0,Brand_Score_Jan-Sep2026.xlsx
CU,all,score,Brand Score@Mar-26,135.0,Brand_Score_Jan-Sep2026.xlsx
CU,all,score,Brand Score@Apr-26,147.0,Brand_Score_Jan-Sep2026.xlsx
CU,all,score,Brand Score@May-26,160.0,Brand_Score_Jan-Sep2026.xlsx
CU,all,score,Brand Score@Jun-26,177.0,Brand_Score_Jan-Sep2026.xlsx
CU,all,score,Brand Score@Jul-26,187.0,Brand_Score_Jan-Sep2026.xlsx
CU,all,score,Brand Score@Aug-26,192.0,Brand_Score_Jan-Sep2026.xlsx
CU,all,score,Owned Score@Jan-26,73.0,Brand_Score_Jan-Sep2026.xlsx
CU,all,score,Owned Score@Feb-26,87.0,Brand_Score_Jan-Sep2026.xlsx
CU,all,score,Owned Score@Mar-26,103.0,Brand_Score_Jan-Sep2026.xlsx
CU,all,score,Owned Score@Apr-26,112.0,Brand_Score_Jan-Sep2026.xlsx
CU,all,score,Owned Score@May-26,124.0,Brand_Score_Jan-Sep2026.xlsx
CU,all,score,Owned Score@Jun-26,141.0,Brand_Score_Jan-Sep2026.xlsx
CU,all,score,Owned Score@Jul-26,151.0,Brand_Score_Jan-Sep2026.xlsx
CU,all,score,Owned Score@Aug-26,154.0,Brand_Score_Jan-Sep2026.xlsx
CU,all,score,Earned Score@Jan-26,151.0,Brand_Score_Jan-Sep2026.xlsx
CU,all,score,Earned Score@Feb-26,175.0,Brand_Score_Jan-Sep2026.xlsx
CU,all,score,Earned Score@Mar-26,195.0,Brand_Score_Jan-Sep2026.xlsx
CU,all,score,Earned Score@Apr-26,212.0,Brand_Score_Jan-Sep2026.xlsx
CU,all,score,Earned Score@May-26,227.0,Brand_Score_Jan-Sep2026.xlsx
CU,all,score,Earned Score@Jun-26,244.0,Brand_Score_Jan-Sep2026.xlsx
CU,all,score,Earned Score@Jul-26,255.0,Brand_Score_Jan-Sep2026.xlsx
CU,all,score,Earned Score@Aug-26,264.0,Brand_Score_Jan-Sep2026.xlsx
CU,all,score,Sentiment Score@Jan-26,45.8,Brand_Score_Jan-Sep2026.xlsx
CU,all,score,Sentiment Score@Feb-26,45.6,Brand_Score_Jan-Sep2026.xlsx
CU,all,score,Sentiment Score@Mar-26,44.6,Brand_Score_Jan-Sep2026.xlsx
CU,all,score,Sentiment Score@Apr-26,44.3,Brand_Score_Jan-Sep2026.xlsx
CU,all,score,Sentiment Score@May-26,47.9,Brand_Score_Jan-Sep2026.xlsx
CU,all,score,Sentiment Score@Jun-26,44.2,Brand_Score_Jan-Sep2026.xlsx
CU,all,score,Sentiment Score@Jul-26,43.4,Brand_Score_Jan-Sep2026.xlsx
CU,all,score,Sentiment Score@Aug-26,43.4,Brand_Score_Jan-Sep2026.xlsx
SMV,all,score,Brand Score@Jan-26,105.0,Brand_Score_Jan-Sep2026.xlsx
SMV,all,score,Brand Score@Feb-26,129.0,Brand_Score_Jan-Sep2026.xlsx
SMV,all,score,Brand Score@Mar-26,140.0,Brand_Score_Jan-Sep2026.xlsx
SMV,all,score,Brand Score@Apr-26,154.0,Brand_Score_Jan-Sep2026.xlsx
SMV,all,score,Brand Score@May-26,161.0,Brand_Score_Jan-Sep2026.xlsx
SMV,all,score,Brand Score@Jun-26,160.0,Brand_Score_Jan-Sep2026.xlsx
SMV,all,score,Brand Score@Jul-26,174.0,Brand_Score_Jan-Sep2026.xlsx
SMV,all,score,Brand Score@Aug-26,182.0,Brand_Score_Jan-Sep2026.xlsx
SMV,all,score,Owned Score@Jan-26,100.0,Brand_Score_Jan-Sep2026.xlsx
SMV,all,score,Owned Score@Feb-26,126.0,Brand_Score_Jan-Sep2026.xlsx
SMV,all,score,Owned Score@Mar-26,135.0,Brand_Score_Jan-Sep2026.xlsx
SMV,all,score,Owned Score@Apr-26,145.0,Brand_Score_Jan-Sep2026.xlsx
SMV,all,score,Owned Score@May-26,153.0,Brand_Score_Jan-Sep2026.xlsx
SMV,all,score,Owned Score@Jun-26,151.0,Brand_Score_Jan-Sep2026.xlsx
SMV,all,score,Owned Score@Jul-26,168.0,Brand_Score_Jan-Sep2026.xlsx
SMV,all,score,Owned Score@Aug-26,177.0,Brand_Score_Jan-Sep2026.xlsx
SMV,all,score,Earned Score@Jan-26,116.0,Brand_Score_Jan-Sep2026.xlsx
SMV,all,score,Earned Score@Feb-26,134.0,Brand_Score_Jan-Sep2026.xlsx
SMV,all,score,Earned Score@Mar-26,149.0,Brand_Score_Jan-Sep2026.xlsx
SMV,all,score,Earned Score@Apr-26,171.0,Brand_Score_Jan-Sep2026.xlsx
SMV,all,score,Earned Score@May-26,174.0,Brand_Score_Jan-Sep2026.xlsx
SMV,all,score,Earned Score@Jun-26,179.0,Brand_Score_Jan-Sep2026.xlsx
SMV,all,score,Earned Score@Jul-26,186.0,Brand_Score_Jan-Sep2026.xlsx
SMV,all,score,Earned Score@Aug-26,190.0,Brand_Score_Jan-Sep2026.xlsx
SMV,all,score,Sentiment Score@Jan-26,52.5,Brand_Score_Jan-Sep2026.xlsx
SMV,all,score,Sentiment Score@Feb-26,48.5,Brand_Score_Jan-Sep2026.xlsx
SMV,all,score,Sentiment Score@Mar-26,51.7,Brand_Score_Jan-Sep2026.xlsx
SMV,all,score,Sentiment Score@Apr-26,55.1,Brand_Score_Jan-Sep2026.xlsx
SMV,all,score,Sentiment Score@May-26,54.8,Brand_Score_Jan-Sep2026.xlsx
SMV,all,score,Sentiment Score@Jun-26,53.4,Brand_Score_Jan-Sep2026.xlsx
SMV,all,score,Sentiment Score@Jul-26,53.6,Brand_Score_Jan-Sep2026.xlsx
SMV,all,score,Sentiment Score@Aug-26,52.4,Brand_Score_Jan-Sep2026.xlsx
